iters,width,elapsed_ns,ns_per_iter,ns_per_element,checksum
200,1024,31974000,159870.000000,156.123046875,10779883706199008131
