{
  "torch": "2.7.0",
  "mps": true,
  "cpu_ms": 0.8068084716796875,
  "mps_ms": 37.41002082824707
}
