iters,width,elapsed_ns,ns_per_iter,ns_per_element,checksum
1,1024,670000,670000.000000,654.296875000,10779883706199008131
