iters,width,elapsed_ns,ns_per_iter,ns_per_element,checksum
200,1024,33406000,167030.000000,163.115234375,10779883706199008131
