iters,width,elapsed_ns,ns_per_iter,ns_per_element,checksum
1,1024,861000,861000.000000,840.820312500,10779883706199008131
