{
  "torch": "2.7.0",
  "mps": true,
  "cpu_ms": 0.9791851043701172,
  "mps_ms": 31.874895095825195
}
