{
  "torch": "2.7.0",
  "mps": true,
  "cpu_ms": 1.7290115356445312,
  "mps_ms": 47.821044921875
}
