{
  "torch": "2.7.0",
  "mps": true,
  "cpu_ms": 0.6802082061767578,
  "mps_ms": 21.522045135498047
}
