iters,width,elapsed_ns,ns_per_iter,ns_per_element,checksum
1,1024,594000,594000.000000,580.078125000,10779883706199008131
