iters,width,elapsed_ns,ns_per_iter,ns_per_element,checksum
200,1024,43402000,217010.000000,211.923828125,10779883706199008131
