{
  "torch": "2.7.0",
  "mps": true,
  "cpu_ms": 1.291036605834961,
  "mps_ms": 47.82581329345703
}
