iters,width,elapsed_ns,ns_per_iter,ns_per_element,checksum
200,1024,33718000,168590.000000,164.638671875,10779883706199008131
