iters,width,elapsed_ns,ns_per_iter,ns_per_element,checksum
1,1024,1447000,1447000.000000,1413.085937500,10779883706199008131
