{
  "torch": "2.7.0",
  "mps": true,
  "cpu_ms": 3.6401748657226562,
  "mps_ms": 28.738021850585938
}
