iters,width,elapsed_ns,ns_per_iter,ns_per_element,checksum
1,1024,836000,836000.000000,816.406250000,10779883706199008131
