iters,width,elapsed_ns,ns_per_iter,ns_per_element,checksum
200,1024,37493000,187465.000000,183.071289062,10779883706199008131
