{
  "torch": "2.7.0",
  "mps": true,
  "cpu_ms": 1.1608600616455078,
  "mps_ms": 36.4990234375
}
