iters,width,elapsed_ns,ns_per_iter,ns_per_element,checksum
1,1024,557000,557000.000000,543.945312500,10779883706199008131
