{
  "type": "logreg_sgd",
  "weights": [
    12.873771689899904,
    1.6738749408456854,
    -3.7848117379457418,
    -8.455223664226041,
    -8.453857495110968
  ],
  "features": [
    "bias",
    "depth",
    "log1p(visits)",
    "ratio",
    "useful/(1+visits)"
  ],
  "threshold": 0.7
}