probe,iters,unroll,elapsed_ns,ns_per_op,approx_gops
add_dep_u64,200000000,32,4400568833,0.687589,1.454357
fadd_dep_f64,200000000,32,7507726375,1.173082,0.852455
fmadd_dep_f64,200000000,32,9837404208,1.537094,0.650578
