iters,width,elapsed_ns,ns_per_iter,ns_per_element,checksum
200,1024,33633000,168165.000000,164.223632812,10779883706199008131
